original_user_id,new_user_id
477,0
5636,1
2565,2
4674,3
5358,4
4278,5
1174,6
4255,7
5310,8
926,9
2250,10
2271,11
2436,12
3373,13
5241,14
2650,15
5485,16
3254,17
4985,18
5021,19
1201,20
1433,21
752,22
3793,23
5897,24
3337,25
1544,26
3199,27
5326,28
5908,29
2238,30
2972,31
5798,32
4075,33
5610,34
1256,35
2512,36
4399,37
2226,38
5144,39
4688,40
526,41
1289,42
6004,43
1847,44
5203,45
5522,46
5060,47
1906,48
34,49
1790,50
2505,51
1680,52
6045,53
3427,54
2974,55
403,56
2198,57
3094,58
6031,59
1737,60
2673,61
3722,62
3589,63
1353,64
3439,65
2427,66
97,67
774,68
675,69
1623,70
3454,71
5589,72
1642,73
2908,74
561,75
483,76
5340,77
727,78
1960,79
1706,80
190,81
172,82
4282,83
706,84
1443,85
4185,86
2019,87
953,88
5557,89
2131,90
4599,91
4036,92
633,93
3856,94
1589,95
5606,96
1545,97
3585,98
4145,99
4802,100
2330,101
1892,102
919,103
4020,104
4898,105
2456,106
4306,107
668,108
5058,109
3388,110
2454,111
5479,112
3050,113
3700,114
362,115
805,116
3166,117
4155,118
2176,119
2923,120
2412,121
2490,122
922,123
255,124
3968,125
3853,126
5714,127
4508,128
3521,129
290,130
2376,131
5044,132
2898,133
1965,134
1546,135
2756,136
3791,137
144,138
1723,139
549,140
5174,141
1647,142
1349,143
5841,144
1245,145
1991,146
3666,147
3023,148
939,149
957,150
2782,151
5151,152
2534,153
4623,154
3493,155
1028,156
5899,157
3989,158
4303,159
5432,160
4897,161
5024,162
1125,163
4293,164
643,165
5063,166
5,167
644,168
5802,169
3452,170
5455,171
4568,172
1267,173
2988,174
5299,175
1564,176
153,177
2739,178
1150,179
681,180
723,181
471,182
4241,183
658,184
1343,185
6067,186
835,187
4980,188
1824,189
5161,190
1730,191
4222,192
6012,193
1736,194
1774,195
3540,196
1758,197
3865,198
5334,199
1675,200
5017,201
2825,202
3681,203
4559,204
4887,205
912,206
1399,207
1757,208
2824,209
1815,210
1929,211
3838,212
5822,213
6043,214
3576,215
6032,216
5677,217
2535,218
5639,219
4077,220
2061,221
5038,222
3328,223
2571,224
1885,225
2274,226
2323,227
4624,228
3,229
225,230
2907,231
2995,232
1902,233
4327,234
5164,235
3761,236
1305,237
492,238
1135,239
5687,240
3139,241
5681,242
1287,243
5963,244
3857,245
822,246
5280,247
5309,248
6030,249
279,250
4765,251
4316,252
4948,253
4247,254
602,255
3162,256
5631,257
5788,258
5524,259
1077,260
3413,261
3606,262
1082,263
221,264
3763,265
5915,266
3408,267
2712,268
5091,269
864,270
5231,271
503,272
5768,273
1654,274
595,275
2975,276
1186,277
514,278
4868,279
2470,280
4452,281
4598,282
2821,283
4320,284
5109,285
5550,286
4740,287
4720,288
4117,289
4620,290
4751,291
4627,292
2129,293
5940,294
4687,295
3725,296
5410,297
3987,298
5218,299
1725,300
5774,301
2251,302
4822,303
3619,304
3071,305
2186,306
5983,307
1302,308
3868,309
705,310
1164,311
4625,312
3623,313
5313,314
74,315
5351,316
4586,317
3813,318
2646,319
3618,320
211,321
5414,322
3988,323
3155,324
394,325
1689,326
2120,327
440,328
3877,329
908,330
1437,331
5142,332
3847,333
5776,334
2013,335
1143,336
1230,337
722,338
4942,339
1994,340
1718,341
4173,342
687,343
1970,344
3609,345
5221,346
6071,347
1749,348
3338,349
1779,350
5074,351
5859,352
868,353
6087,354
5053,355
2439,356
1823,357
2319,358
4673,359
4060,360
4417,361
5786,362
2235,363
1240,364
197,365
1571,366
1527,367
3931,368
163,369
183,370
1607,371
1618,372
4490,373
3412,374
3374,375
1633,376
6093,377
2752,378
1691,379
3261,380
1207,381
2197,382
1603,383
3052,384
2707,385
152,386
3697,387
3773,388
653,389
2178,390
974,391
4791,392
30,393
5571,394
2117,395
5246,396
1236,397
4666,398
1708,399
4894,400
4923,401
2292,402
4641,403
1560,404
219,405
2840,406
5324,407
896,408
1937,409
1921,410
1111,411
341,412
1342,413
1090,414
4248,415
6060,416
5417,417
2973,418
1582,419
4647,420
875,421
2792,422
3566,423
4146,424
5281,425
2574,426
438,427
4667,428
1809,429
1434,430
3938,431
5429,432
1690,433
407,434
3244,435
745,436
790,437
1742,438
2593,439
4929,440
20,441
1324,442
4606,443
2575,444
4777,445
1050,446
2998,447
1905,448
2208,449
434,450
5781,451
5815,452
1549,453
316,454
1845,455
762,456
4196,457
2353,458
4453,459
1089,460
1840,461
5399,462
1802,463
3796,464
1043,465
427,466
1422,467
5157,468
180,469
3344,470
378,471
4830,472
4694,473
4044,474
2917,475
509,476
3034,477
2440,478
3785,479
3628,480
2060,481
4951,482
6094,483
2763,484
1474,485
1878,486
2158,487
998,488
1880,489
5698,490
3280,491
3555,492
1175,493
627,494
3977,495
4445,496
1018,497
5886,498
2692,499
1539,500
3643,501
607,502
3947,503
5920,504
4721,505
3867,506
1042,507
2021,508
4200,509
2431,510
1608,511
3849,512
3100,513
5311,514
2737,515
2027,516
5825,517
4691,518
3627,519
4376,520
954,521
2886,522
5014,523
1712,524
1620,525
4723,526
1383,527
2207,528
4911,529
2024,530
5771,531
22,532
1097,533
4969,534
1088,535
4515,536
2910,537
1226,538
2142,539
1551,540
4828,541
1899,542
785,543
4346,544
5889,545
1980,546
4354,547
2443,548
2280,549
5317,550
5104,551
2724,552
4702,553
1977,554
4502,555
5516,556
4845,557
1874,558
3271,559
4054,560
202,561
947,562
3914,563
1397,564
282,565
4731,566
3876,567
5830,568
655,569
1187,570
2530,571
3731,572
894,573
963,574
2797,575
5073,576
4229,577
5519,578
60,579
3354,580
223,581
5412,582
1212,583
1588,584
4124,585
1897,586
3234,587
453,588
1173,589
2879,590
5659,591
2046,592
750,593
2787,594
1520,595
1640,596
5289,597
7,598
3992,599
3510,600
4565,601
3515,602
24,603
4460,604
3226,605
2163,606
1095,607
3878,608
4165,609
1519,610
3321,611
2661,612
3215,613
1684,614
5896,615
944,616
6026,617
3950,618
521,619
1981,620
4873,621
5183,622
2223,623
4792,624
4756,625
220,626
1033,627
4856,628
4493,629
4262,630
3529,631
5182,632
2037,633
3647,634
2243,635
4933,636
249,637
4848,638
4186,639
5755,640
3186,641
4583,642
5332,643
6065,644
4426,645
4860,646
6010,647
4078,648
312,649
817,650
3438,651
4012,652
5709,653
2203,654
5638,655
436,656
2614,657
5043,658
4051,659
3111,660
3419,661
3742,662
5523,663
512,664
5695,665
6089,666
2587,667
1309,668
5837,669
5239,670
3416,671
623,672
2170,673
2866,674
4818,675
2191,676
3303,677
404,678
5354,679
5795,680
1149,681
2188,682
2872,683
1455,684
1585,685
4325,686
85,687
5735,688
1466,689
2144,690
390,691
2006,692
3615,693
6036,694
4632,695
2072,696
2881,697
3022,698
1218,699
3048,700
1159,701
5591,702
4513,703
3334,704
5268,705
3820,706
2112,707
5114,708
2392,709
1496,710
343,711
3717,712
3478,713
271,714
43,715
4022,716
104,717
5678,718
5713,719
2475,720
5688,721
3043,722
422,723
2375,724
3310,725
5967,726
2402,727
1660,728
3009,729
3345,730
1526,731
4906,732
2123,733
2257,734
6068,735
3900,736
5010,737
3042,738
5871,739
1118,740
1275,741
216,742
4976,743
1441,744
2935,745
704,746
5582,747
6007,748
2590,749
3263,750
4891,751
1328,752
2080,753
2542,754
857,755
5984,756
1199,757
5450,758
1792,759
780,760
1031,761
1533,762
277,763
4357,764
1060,765
1183,766
2359,767
5389,768
4668,769
2453,770
0,771
1789,772
5661,773
5180,774
4108,775
5132,776
1,777
5754,778
2374,779
5882,780
3079,781
61,782
1797,783
1045,784
890,785
2771,786
154,787
130,788
4514,789
5780,790
5928,791
1209,792
1575,793
1301,794
4725,795
913,796
711,797
577,798
5254,799
2201,800
1570,801
4982,802
4974,803
776,804
1138,805
1269,806
3689,807
2130,808
751,809
2184,810
1752,811
4454,812
2256,813
3381,814
4988,815
1281,816
1237,817
5885,818
5544,819
5062,820
3083,821
952,822
5905,823
3594,824
173,825
981,826
4522,827
3502,828
3840,829
3075,830
433,831
4724,832
1093,833
6013,834
2279,835
4578,836
5139,837
2194,838
1674,839
5110,840
6079,841
5265,842
1225,843
4277,844
3449,845
5957,846
4335,847
2252,848
5493,849
5259,850
2406,851
4853,852
3355,853
3117,854
2559,855
3923,856
4928,857
5994,858
3575,859
1764,860
994,861
1890,862
4576,863
4569,864
2732,865
2682,866
6024,867
1411,868
4946,869
1841,870
1940,871
4973,872
5739,873
2058,874
3012,875
3249,876
5152,877
4305,878
5348,879
56,880
3973,881
999,882
5682,883
258,884
5992,885
714,886
5264,887
4110,888
4768,889
5124,890
1181,891
3332,892
2448,893
4456,894
3963,895
1487,896
4488,897
4276,898
1473,899
4813,900
6059,901
334,902
5070,903
3518,904
1515,905
47,906
4071,907
5342,908
4120,909
443,910
246,911
1369,912
5634,913
3494,914
4866,915
2522,916
64,917
342,918
1538,919
5648,920
4861,921
936,922
798,923
3398,924
4695,925
5398,926
3246,927
3113,928
2457,929
1002,930
5742,931
5419,932
3708,933
3674,934
2892,935
734,936
4832,937
3059,938
2820,939
3326,940
4000,941
4253,942
2345,943
4733,944
3592,945
4750,946
228,947
5420,948
3216,949
3204,950
2622,951
3733,952
1724,953
5669,954
3005,955
1961,956
1567,957
100,958
1877,959
2134,960
4920,961
4800,962
6020,963
6017,964
2777,965
810,966
5134,967
5929,968
4503,969
2139,970
2157,971
78,972
2303,973
3778,974
2775,975
1206,976
5298,977
2959,978
1513,979
1735,980
5205,981
3668,982
4102,983
4030,984
5613,985
5446,986
2039,987
596,988
3640,989
187,990
3836,991
4646,992
725,993
5193,994
2819,995
3747,996
199,997
4099,998
2270,999
4843,1000
2076,1001
1280,1002
139,1003
1494,1004
5149,1005
929,1006
2078,1007
1719,1008
4159,1009
2909,1010
3915,1011
3738,1012
4003,1013
4560,1014
1734,1015
2613,1016
2034,1017
4042,1018
1054,1019
1578,1020
4467,1021
4170,1022
1403,1023
834,1024
429,1025
2815,1026
3067,1027
35,1028
4753,1029
2889,1030
4065,1031
1127,1032
1622,1033
2141,1034
3072,1035
1985,1036
895,1037
1913,1038
622,1039
5922,1040
3908,1041
449,1042
853,1043
452,1044
2264,1045
2322,1046
1285,1047
4524,1048
3497,1049
3756,1050
4441,1051
171,1052
1103,1053
3128,1054
1016,1055
3323,1056
5621,1057
3447,1058
3514,1059
5250,1060
1490,1061
893,1062
3959,1063
2672,1064
1339,1065
1643,1066
540,1067
3044,1068
5671,1069
5384,1070
2669,1071
1572,1072
5592,1073
5305,1074
3716,1075
4895,1076
2591,1077
2384,1078
1334,1079
2556,1080
293,1081
1133,1082
2829,1083
4616,1084
5696,1085
3846,1086
1541,1087
3058,1088
1272,1089
217,1090
2942,1091
4475,1092
2331,1093
5071,1094
1080,1095
739,1096
4190,1097
4509,1098
1799,1099
1627,1100
2239,1101
1072,1102
4497,1103
3665,1104
1196,1105
2281,1106
4512,1107
2546,1108
4541,1109
3097,1110
3764,1111
4649,1112
3006,1113
1729,1114
5274,1115
5566,1116
5236,1117
3376,1118
5530,1119
5863,1120
1599,1121
4796,1122
3267,1123
3319,1124
179,1125
1145,1126
5845,1127
907,1128
4083,1129
2314,1130
4092,1131
5525,1132
4846,1133
4427,1134
4258,1135
4412,1136
5064,1137
5501,1138
4410,1139
5925,1140
2822,1141
5553,1142
5823,1143
2099,1144
2233,1145
4296,1146
2229,1147
3806,1148
5640,1149
978,1150
45,1151
4438,1152
1454,1153
2421,1154
1366,1155
5166,1156
2938,1157
4281,1158
2358,1159
5707,1160
4692,1161
2698,1162
3790,1163
2936,1164
4807,1165
5715,1166
5991,1167
1436,1168
659,1169
548,1170
275,1171
5007,1172
2578,1173
2388,1174
1279,1175
5301,1176
507,1177
2751,1178
4401,1179
2327,1180
5199,1181
4772,1182
799,1183
4987,1184
468,1185
5443,1186
5228,1187
2945,1188
5590,1189
3161,1190
2628,1191
27,1192
1098,1193
204,1194
6072,1195
2447,1196
409,1197
5087,1198
227,1199
4925,1200
4363,1201
413,1202
91,1203
1499,1204
1389,1205
1368,1206
696,1207
2685,1208
2680,1209
2929,1210
5689,1211
1158,1212
48,1213
5836,1214
4256,1215
2766,1216
3969,1217
1828,1218
2801,1219
5276,1220
4585,1221
3207,1222
1194,1223
2434,1224
5213,1225
5176,1226
2803,1227
5165,1228
3473,1229
2560,1230
1948,1231
110,1232
1986,1233
294,1234
691,1235
1648,1236
1859,1237
4617,1238
4031,1239
2390,1240
32,1241
5732,1242
5016,1243
3633,1244
3176,1245
1104,1246
5015,1247
2051,1248
4141,1249
516,1250
4193,1251
1112,1252
5314,1253
6011,1254
2140,1255
3894,1256
4074,1257
3258,1258
4153,1259
3480,1260
2307,1261
5900,1262
5374,1263
2783,1264
3998,1265
3568,1266
4420,1267
4737,1268
396,1269
1916,1270
2543,1271
3713,1272
2586,1273
4215,1274
19,1275
2896,1276
2495,1277
3259,1278
1817,1279
569,1280
1445,1281
1284,1282
1795,1283
94,1284
1778,1285
1558,1286
700,1287
3324,1288
287,1289
4712,1290
565,1291
589,1292
1355,1293
1535,1294
3759,1295
2168,1296
3727,1297
1903,1298
5178,1299
2688,1300
224,1301
5466,1302
4893,1303
368,1304
572,1305
1211,1306
916,1307
3133,1308
5051,1309
3549,1310
1087,1311
3299,1312
2753,1313
5216,1314
6086,1315
4690,1316
395,1317
2844,1318
5477,1319
5106,1320
4698,1321
4979,1322
5400,1323
42,1324
6021,1325
2604,1326
858,1327
5604,1328
464,1329
2040,1330
3770,1331
2348,1332
3758,1333
2219,1334
1893,1335
783,1336
4994,1337
5875,1338
371,1339
4208,1340
5136,1341
3284,1342
821,1343
915,1344
6050,1345
1861,1346
2533,1347
3654,1348
3451,1349
3775,1350
1834,1351
1604,1352
5804,1353
1659,1354
5895,1355
4699,1356
3597,1357
581,1358
991,1359
848,1360
2762,1361
2449,1362
4286,1363
3587,1364
4414,1365
2165,1366
123,1367
3440,1368
784,1369
902,1370
5674,1371
1177,1372
3260,1373
5602,1374
690,1375
3704,1376
2992,1377
1864,1378
1292,1379
3014,1380
3415,1381
2350,1382
5548,1383
71,1384
5601,1385
2718,1386
4567,1387
2408,1388
4284,1389
196,1390
3536,1391
5752,1392
4236,1393
6069,1394
4685,1395
628,1396
4080,1397
2190,1398
3369,1399
4304,1400
958,1401
6033,1402
319,1403
5559,1404
1484,1405
3358,1406
3582,1407
2206,1408
238,1409
2002,1410
541,1411
601,1412
825,1413
5375,1414
52,1415
3539,1416
3924,1417
300,1418
2832,1419
419,1420
4138,1421
4651,1422
2572,1423
4344,1424
1503,1425
26,1426
5753,1427
4645,1428
3771,1429
2658,1430
5580,1431
2268,1432
6000,1433
3407,1434
3558,1435
3397,1436
4907,1437
634,1438
5244,1439
2564,1440
1837,1441
4867,1442
2524,1443
823,1444
5359,1445
4168,1446
2689,1447
2411,1448
2373,1449
921,1450
1956,1451
5291,1452
5079,1453
4825,1454
3112,1455
5906,1456
4953,1457
136,1458
4370,1459
1755,1460
1798,1461
4122,1462
4163,1463
92,1464
450,1465
5706,1466
1336,1467
4531,1468
2966,1469
2287,1470
5790,1471
3751,1472
1667,1473
5368,1474
4778,1475
3078,1476
3954,1477
2517,1478
3922,1479
5860,1480
3351,1481
3256,1482
2711,1483
391,1484
1354,1485
1928,1486
2965,1487
392,1488
4322,1489
1472,1490
5118,1491
5616,1492
3393,1493
3767,1494
5102,1495
2629,1496
309,1497
1442,1498
4610,1499
1440,1500
5438,1501
5549,1502
5464,1503
5386,1504
3892,1505
1178,1506
3015,1507
5286,1508
4062,1509
5751,1510
306,1511
3667,1512
5504,1513
4738,1514
4562,1515
2913,1516
3653,1517
779,1518
5543,1519
4095,1520
63,1521
4116,1522
5805,1523
146,1524
6009,1525
5699,1526
3396,1527
5818,1528
3501,1529
2761,1530
1398,1531
3605,1532
2105,1533
5468,1534
2355,1535
2527,1536
5257,1537
2286,1538
5156,1539
5306,1540
1304,1541
2047,1542
4405,1543
1413,1544
4657,1545
3482,1546
4361,1547
2683,1548
3036,1549
4398,1550
3008,1551
406,1552
5394,1553
4091,1554
2925,1555
3089,1556
5853,1557
329,1558
2382,1559
2347,1560
4391,1561
2272,1562
1863,1563
4523,1564
1049,1565
854,1566
5652,1567
1579,1568
4815,1569
1498,1570
3492,1571
4881,1572
3489,1573
268,1574
3842,1575
4852,1576
4464,1577
2919,1578
2976,1579
3070,1580
3927,1581
1348,1582
6070,1583
1222,1584
1176,1585
5413,1586
3850,1587
945,1588
2598,1589
2042,1590
5996,1591
2110,1592
3781,1593
3601,1594
1508,1595
2234,1596
5338,1597
1639,1598
642,1599
5261,1600
5949,1601
1505,1602
1650,1603
497,1604
2750,1605
3919,1606
1193,1607
4553,1608
430,1609
5269,1610
475,1611
3762,1612
3584,1613
1552,1614
1751,1615
5506,1616
3098,1617
2018,1618
5632,1619
4358,1620
73,1621
2363,1622
3370,1623
3238,1624
5533,1625
4324,1626
1446,1627
5452,1628
1124,1629
2104,1630
2430,1631
669,1632
5974,1633
1619,1634
3614,1635
1801,1636
2697,1637
3800,1638
3507,1639
1283,1640
2702,1641
5444,1642
4389,1643
3364,1644
3827,1645
3214,1646
3213,1647
4932,1648
4049,1649
5022,1650
243,1651
233,1652
670,1653
3455,1654
3165,1655
3102,1656
1459,1657
4741,1658
553,1659
2831,1660
3984,1661
2488,1662
3390,1663
2332,1664
4977,1665
2116,1666
2640,1667
4834,1668
4696,1669
4680,1670
683,1671
1825,1672
1148,1673
768,1674
356,1675
2668,1676
3629,1677
5409,1678
840,1679
2634,1680
1350,1681
1997,1682
2462,1683
3205,1684
2544,1685
4787,1686
264,1687
4097,1688
3504,1689
4665,1690
5095,1691
5819,1692
257,1693
4428,1694
3341,1695
4743,1696
3441,1697
5850,1698
1057,1699
901,1700
1990,1701
401,1702
5502,1703
608,1704
2755,1705
4279,1706
5777,1707
4087,1708
5541,1709
1412,1710
6002,1711
693,1712
910,1713
354,1714
5476,1715
2172,1716
2784,1717
2600,1718
3928,1719
5692,1720
3040,1721
3121,1722
4137,1723
4213,1724
230,1725
1875,1726
3783,1727
747,1728
2684,1729
4602,1730
4859,1731
5226,1732
1530,1733
1270,1734
920,1735
1565,1736
5510,1737
1282,1738
2659,1739
759,1740
1420,1741
4156,1742
4394,1743
5653,1744
5926,1745
72,1746
5215,1747
4448,1748
5463,1749
1661,1750
3417,1751
3047,1752
4415,1753
1957,1754
5851,1755
6055,1756
6046,1757
3368,1758
1367,1759
398,1760
4580,1761
184,1762
1681,1763
1273,1764
5975,1765
1649,1766
410,1767
673,1768
3925,1769
4238,1770
5644,1771
5195,1772
603,1773
2912,1774
1023,1775
2283,1776
2232,1777
1676,1778
3314,1779
3222,1780
2890,1781
1711,1782
5333,1783
1770,1784
2710,1785
5666,1786
4888,1787
4483,1788
1888,1789
5488,1790
4310,1791
3885,1792
4123,1793
1634,1794
2126,1795
5779,1796
4369,1797
4823,1798
5423,1799
836,1800
5620,1801
209,1802
1839,1803
3675,1804
3630,1805
5685,1806
2450,1807
2789,1808
2246,1809
4461,1810
570,1811
1514,1812
5405,1813
5275,1814
2318,1815
2497,1816
2277,1817
2212,1818
5449,1819
3080,1820
5733,1821
3534,1822
4360,1823
4549,1824
3918,1825
3184,1826
4814,1827
3699,1828
1144,1829
2874,1830
4260,1831
5605,1832
5806,1833
4081,1834
2200,1835
828,1836
292,1837
4614,1838
2309,1839
382,1840
1610,1841
5619,1842
4451,1843
4754,1844
2805,1845
5191,1846
3122,1847
3777,1848
2676,1849
2496,1850
4290,1851
5622,1852
3114,1853
1185,1854
68,1855
4340,1856
1716,1857
3656,1858
2636,1859
3318,1860
3599,1861
2085,1862
5577,1863
1151,1864
5113,1865
4892,1866
2626,1867
402,1868
3179,1869
5372,1870
664,1871
55,1872
2595,1873
3001,1874
5271,1875
3829,1876
3306,1877
1117,1878
505,1879
5868,1880
4118,1881
1964,1882
3125,1883
2875,1884
4250,1885
2839,1886
4045,1887
3153,1888
3631,1889
3192,1890
845,1891
5460,1892
3560,1893
5108,1894
4338,1895
2135,1896
4803,1897
5918,1898
3293,1899
4323,1900
1228,1901
5076,1902
206,1903
5794,1904
4245,1905
5826,1906
3137,1907
2225,1908
2245,1909
3433,1910
455,1911
5283,1912
5497,1913
726,1914
2383,1915
1592,1916
4289,1917
1456,1918
3916,1919
5019,1920
5481,1921
3269,1922
411,1923
2425,1924
1453,1925
1523,1926
5196,1927
2177,1928
4711,1929
5854,1930
4362,1931
3206,1932
1476,1933
4836,1934
4041,1935
3348,1936
1611,1937
3131,1938
4386,1939
4809,1940
2511,1941
5762,1942
6041,1943
5096,1944
4579,1945
4496,1946
4561,1947
200,1948
4742,1949
5954,1950
1078,1951
348,1952
4085,1953
2068,1954
1748,1955
195,1956
4484,1957
520,1958
5395,1959
707,1960
2494,1961
284,1962
3431,1963
5891,1964
3780,1965
527,1966
1896,1967
4148,1968
5373,1969
803,1970
5146,1971
4804,1972
58,1973
248,1974
4780,1975
3744,1976
4705,1977
6047,1978
5315,1979
5646,1980
5290,1981
1300,1982
1624,1983
4684,1984
1059,1985
5843,1986
170,1987
4662,1988
2790,1989
3487,1990
3955,1991
5155,1992
656,1993
2464,1994
2056,1995
2247,1996
1020,1997
672,1998
1666,1999
2230,2000
3854,2001
215,2002
4642,2003
800,2004
4171,2005
1384,2006
5856,2007
2365,2008
2367,2009
1452,2010
2808,2011
905,2012
5439,2013
4492,2014
767,2015
3530,2016
3651,2017
4670,2018
245,2019
3262,2020
829,2021
1291,2022
2644,2023
198,2024
3911,2025
4801,2026
3498,2027
3726,2028
4319,2029
3889,2030
1694,2031
86,2032
1131,2033
272,2034
4839,2035
5185,2036
3462,2037
2285,2038
5757,2039
1137,2040
4547,2041
5408,2042
2133,2043
4572,2044
3939,2045
387,2046
4252,2047
5041,2048
697,2049
5839,2050
2081,2051
1404,2052
5573,2053
2342,2054
5478,2055
5120,2056
3095,2057
4999,2058
304,2059
5545,2060
2794,2061
3353,2062
5357,2063
470,2064
3223,2065
2204,2066
4239,2067
2302,2068
3598,2069
5282,2070
2380,2071
6075,2072
3561,2073
3858,2074
5808,2075
2414,2076
667,2077
4993,2078
361,2079
3823,2080
5767,2081
5012,2082
5568,2083
1525,2084
3888,2085
3635,2086
469,2087
5459,2088
3342,2089
3436,2090
849,2091
4739,2092
1768,2093
2630,2094
4480,2095
3360,2096
760,2097
2166,2098
5316,2099
5068,2100
1037,2101
1184,2102
863,2103
2818,2104
4119,2105
4653,2106
1629,2107
2550,2108
1219,2109
977,2110
3219,2111
40,2112
2352,2113
2953,2114
5001,2115
1958,2116
2377,2117
5869,2118
5003,2119
2632,2120
5611,2121
3591,2122
5593,2123
5036,2124
4700,2125
373,2126
3140,2127
1314,2128
5033,2129
2509,2130
5935,2131
1357,2132
1438,2133
2045,2134
1374,2135
4269,2136
3399,2137
4419,2138
3327,2139
1268,2140
4393,2141
4604,2142
5950,2143
2608,2144
4182,2145
3049,2146
6006,2147
2143,2148
4577,2149
6029,2150
838,2151
3766,2152
4294,2153
380,2154
4527,2155
2474,2156
4285,2157
574,2158
263,2159
3500,2160
2113,2161
1683,2162
4103,2163
489,2164
333,2165
2249,2166
4707,2167
4784,2168
1750,2169
792,2170
636,2171
4039,2172
4968,2173
5148,2174
1702,2175
1424,2176
3275,2177
841,2178
2807,2179
3880,2180
3496,2181
877,2182
3625,2183
4901,2184
5194,2185
592,2186
2981,2187
2625,2188
3804,2189
933,2190
1685,2191
4611,2192
281,2193
1370,2194
882,2195
3406,2196
203,2197
3926,2198
2357,2199
4011,2200
2326,2201
871,2202
4172,2203
989,2204
5615,2205
2715,2206
2962,2207
4188,2208
44,2209
1295,2210
4371,2211
178,2212
3516,2213
4204,2214
2119,2215
1641,2216
4348,2217
2949,2218
5090,2219
1007,2220
1264,2221
2304,2222
1017,2223
956,2224
2804,2225
2028,2226
4455,2227
984,2228
5173,2229
2568,2230
5740,2231
4234,2232
3181,2233
1429,2234
3929,2235
1086,2236
4128,2237
3723,2238
778,2239
2768,2240
3141,2241
3405,2242
5887,2243
5528,2244
4459,2245
3581,2246
1013,2247
2275,2248
2209,2249
1322,2250
2313,2251
2344,2252
3817,2253
4242,2254
3474,2255
2261,2256
3720,2257
5840,2258
793,2259
1766,2260
1720,2261
4126,2262
3525,2263
6039,2264
3090,2265
3952,2266
5862,2267
4446,2268
2147,2269
4746,2270
2950,2271
5175,2272
1263,2273
3460,2274
1115,2275
4519,2276
582,2277
717,2278
4129,2279
90,2280
909,2281
756,2282
3442,2283
5686,2284
4605,2285
2555,2286
3144,2287
4439,2288
3437,2289
6058,2290
4972,2291
2459,2292
51,2293
2642,2294
886,2295
3573,2296
5981,2297
2043,2298
850,2299
5028,2300
4794,2301
5411,2302
879,2303
1232,2304
2602,2305
2224,2306
5169,2307
1244,2308
566,2309
5006,2310
4996,2311
2971,2312
6083,2313
2403,2314
4021,2315
4014,2316
1162,2317
5322,2318
1407,2319
3459,2320
4407,2321
3312,2322
5617,2323
2038,2324
3503,2325
5222,2326
4046,2327
5206,2328
3881,2329
856,2330
4573,2331
235,2332
5243,2333
448,2334
491,2335
5474,2336
4594,2337
4842,2338
4191,2339
3019,2340
4736,2341
4525,2342
1943,2343
4520,2344
207,2345
2738,2346
5931,2347
2652,2348
3200,2349
2325,2350
4529,2351
4930,2352
1698,2353
2419,2354
2795,2355
159,2356
5407,2357
2987,2358
2467,2359
1056,2360
5609,2361
439,2362
5558,2363
2858,2364
4008,2365
4810,2366
1951,2367
5285,2368
1447,2369
3875,2370
2978,2371
1701,2372
1733,2373
2413,2374
4998,2375
5585,2376
842,2377
4633,2378
3189,2379
674,2380
3158,2381
3336,2382
2008,2383
3458,2384
1511,2385
113,2386
3896,2387
5700,2388
625,2389
3411,2390
661,2391
4862,2392
5978,2393
4619,2394
5731,2395
2848,2396
3712,2397
1260,2398
1923,2399
2525,2400
5360,2401
351,2402
5877,2403
3607,2404
2868,2405
444,2406
4028,2407
1364,2408
5955,2409
1331,2410
5927,2411
1907,2412
3037,2413
4066,2414
935,2415
593,2416
4349,2417
4661,2418
1728,2419
2461,2420
6073,2421
4364,2422
3690,2423
2379,2424
2991,2425
1053,2426
5676,2427
4104,2428
5594,2429
3807,2430
3848,2431
2370,2432
2897,2433
6053,2434
4350,2435
2863,2436
3864,2437
4402,2438
4429,2439
5433,2440
5970,2441
1967,2442
2851,2443
191,2444
4889,2445
1346,2446
3841,2447
802,2448
1869,2449
545,2450
2677,2451
5426,2452
65,2453
522,2454
482,2455
349,2456
4111,2457
816,2458
4919,2459
1261,2460
4677,2461
4311,2462
2074,2463
2507,2464
5117,2465
4264,2466
1763,2467
5888,2468
5489,2469
1818,2470
949,2471
2717,2472
5507,2473
1393,2474
1867,2475
2880,2476
966,2477
2501,2478
2603,2479
4106,2480
478,2481
3613,2482
5913,2483
2137,2484
1338,2485
5912,2486
4342,2487
2156,2488
5434,2489
1495,2490
2901,2491
3757,2492
3872,2493
1745,2494
1391,2495
5339,2496
1955,2497
2895,2498
4201,2499
5094,2500
1326,2501
4505,2502
4374,2503
481,2504
1464,2505
2570,2506
5425,2507
4136,2508
4795,2509
2964,2510
1416,2511
1855,2512
748,2513
4703,2514
3190,2515
2513,2516
3639,2517
4487,2518
2781,2519
3792,2520
2826,2521
666,2522
2057,2523
359,2524
5623,2525
4257,2526
3580,2527
3583,2528
4552,2529
5575,2530
298,2531
5821,2532
2828,2533
155,2534
5147,2535
2994,2536
3866,2537
3547,2538
247,2539
4789,2540
1911,2541
4018,2542
303,2543
5030,2544
496,2545
2817,2546
4681,2547
2859,2548
5145,2549
3177,2550
1210,2551
5255,2552
876,2553
3061,2554
4870,2555
2759,2556
1352,2557
2520,2558
1630,2559
5042,2560
1626,2561
3187,2562
1677,2563
67,2564
5526,2565
5964,2566
640,2567
3695,2568
2387,2569
1083,2570
3678,2571
2174,2572
5390,2573
4321,2574
4658,2575
5402,2576
3698,2577
3933,2578
786,2579
5595,2580
1835,2581
1687,2582
3921,2583
5263,2584
3325,2585
6074,2586
859,2587
1962,2588
4175,2589
3596,2590
270,2591
4956,2592
615,2593
3329,2594
1858,2595
5435,2596
3041,2597
1141,2598
2996,2599
3300,2600
5642,2601
1009,2602
2260,2603
3620,2604
499,2605
2092,2606
4249,2607
5608,2608
5903,2609
2316,2610
3636,2611
46,2612
3389,2613
2444,2614
1722,2615
2733,2616
3917,2617
4812,2618
5916,2619
4218,2620
1721,2621
513,2622
2167,2623
4059,2624
5061,2625
4926,2626
2101,2627
3670,2628
1238,2629
1796,2630
1966,2631
3103,2632
1296,2633
4637,2634
3152,2635
3672,2636
4356,2637
1595,2638
5511,2639
4152,2640
3709,2641
5799,2642
1917,2643
5997,2644
2220,2645
3711,2646
1229,2647
1373,2648
539,2649
1248,2650
583,2651
3099,2652
638,2653
1197,2654
927,2655
4689,2656
4732,2657
2109,2658
1974,2659
5829,2660
3553,2661
3816,2662
5499,2663
2291,2664
2847,2665
6014,2666
426,2667
3066,2668
5924,2669
987,2670
1932,2671
813,2672
5465,2673
1995,2674
3797,2675
5292,2676
1274,2677
5272,2678
1614,2679
5728,2680
4563,2681
662,2682
5278,2683
2515,2684
1172,2685
6005,2686
4939,2687
6066,2688
1682,2689
2244,2690
165,2691
626,2692
2747,2693
5256,2694
365,2695
1401,2696
3247,2697
753,2698
1705,2699
5787,2700
103,2701
2758,2702
3320,2703
4779,2704
3588,2705
2362,2706
5321,2707
5304,2708
3805,2709
6018,2710
4964,2711
4983,2712
3874,2713
2833,2714
3081,2715
1168,2716
4912,2717
38,2718
84,2719
1332,2720
2315,2721
1102,2722
1014,2723
2491,2724
441,2725
5883,2726
1596,2727
253,2728
3024,2729
5521,2730
3196,2731
1529,2732
3979,2733
128,2734
899,2735
5004,2736
4595,2737
4706,2738
5158,2739
631,2740
5614,2741
657,2742
5123,2743
5938,2744
3363,2745
1414,2746
3936,2747
1653,2748
4379,2749
3033,2750
186,2751
5341,2752
143,2753
4851,2754
3000,2755
4903,2756
4418,2757
5363,2758
1084,2759
2611,2760
208,2761
3550,2762
1234,2763
1822,2764
3648,2765
3346,2766
4482,2767
150,2768
1388,2769
2341,2770
1329,2771
1252,2772
3243,2773
3996,2774
2655,2775
724,2776
3060,2777
837,2778
222,2779
1646,2780
1767,2781
2538,2782
3429,2783
2754,2784
1973,2785
274,2786
1312,2787
4701,2788
4142,2789
2871,2790
1866,2791
1378,2792
884,2793
2029,2794
3195,2795
1142,2796
3285,2797
4783,2798
2770,2799
3852,2800
955,2801
3821,2802
3250,2803
830,2804
1337,2805
4941,2806
2473,2807
2931,2808
811,2809
4858,2810
1004,2811
2521,2812
431,2813
1983,2814
3679,2815
2097,2816
1488,2817
4763,2818
1385,2819
4295,2820
5188,2821
5583,2822
1491,2823
4550,2824
3147,2825
1180,2826
1574,2827
1333,2828
3470,2829
1032,2830
2643,2831
5772,2832
3135,2833
5219,2834
3884,2835
1358,2836
2218,2837
2589,2838
4538,2839
4713,2840
1950,2841
4806,2842
2932,2843
4158,2844
2549,2845
3171,2846
5664,2847
2725,2848
5487,2849
3339,2850
1838,2851
3873,2852
1919,2853
5181,2854
1554,2855
5537,2856
3870,2857
530,2858
83,2859
4372,2860
3272,2861
4582,2862
3030,2863
126,2864
1665,2865
4574,2866
4506,2867
4626,2868
2993,2869
1130,2870
5514,2871
4764,2872
456,2873
2259,2874
237,2875
5059,2876
5470,2877
519,2878
2810,2879
327,2880
3446,2881
4811,2882
791,2883
5952,2884
1297,2885
4770,2886
5307,2887
2877,2888
339,2889
2904,2890
1483,2891
1868,2892
4198,2893
3871,2894
2378,2895
4679,2896
70,2897
3798,2898
317,2899
3760,2900
5456,2901
1727,2902
2148,2903
6084,2904
3837,2905
8,2906
5937,2907
2969,2908
385,2909
4945,2910
3240,2911
3825,2912
4913,2913
3803,2914
3660,2915
930,2916
867,2917
2442,2918
3109,2919
5131,2920
2914,2921
4590,2922
5651,2923
4355,2924
2791,2925
3789,2926
2612,2927
3940,2928
2145,2929
573,2930
174,2931
3740,2932
1953,2933
5738,2934
3264,2935
4745,2936
2883,2937
4714,2938
1182,2939
4749,2940
2356,2941
2001,2942
5919,2943
1204,2944
3693,2945
2902,2946
2869,2947
4086,2948
3703,2949
1099,2950
311,2951
2053,2952
6051,2953
3182,2954
466,2955
1842,2956
5471,2957
4760,2958
6040,2959
1191,2960
2328,2961
490,2962
3020,2963
5969,2964
938,2965
2398,2966
1638,2967
2132,2968
2221,2969
2948,2970
5111,2971
1363,2972
2551,2973
151,2974
5828,2975
1375,2976
5092,2977
1341,2978
5993,2979
1663,2980
1887,2981
5101,2982
3944,2983
5379,2984
5809,2985
4366,2986
2262,2987
2296,2988
2722,2989
1901,2990
3511,2991
295,2992
1772,2993
2853,2994
2967,2995
4591,2996
1451,2997
5942,2998
236,2999
2939,3000
2694,3001
1213,3002
5831,3003
4697,3004
3975,3005
1153,3006
4785,3007
3883,3008
2693,3009
3490,3010
4228,3011
2366,3012
3210,3013
5987,3014
2776,3015
2999,3016
5552,3017
692,3018
3217,3019
5082,3020
2063,3021
6064,3022
2096,3023
1692,3024
1205,3025
3556,3026
587,3027
297,3028
414,3029
749,3030
5729,3031
250,3032
5220,3033
4272,3034
2108,3035
4597,3036
4219,3037
4709,3038
3572,3039
4938,3040
5995,3041
1075,3042
2410,3043
585,3044
3863,3045
3233,3046
3578,3047
1257,3048
1935,3049
4517,3050
3016,3051
2193,3052
3882,3053
3745,3054
618,3055
4613,3056
2793,3057
1458,3058
4883,3059
4631,3060
3646,3061
1954,3062
3686,3063
4457,3064
4474,3065
2083,3066
1239,3067
931,3068
3420,3069
1612,3070
2014,3071
5150,3072
2082,3073
1108,3074
5085,3075
5710,3076
5657,3077
4351,3078
4485,3079
3835,3080
1593,3081
1563,3082
188,3083
911,3084
332,3085
310,3086
1351,3087
3372,3088
4150,3089
590,3090
3505,3091
5627,3092
3463,3093
5233,3094
5532,3095
2921,3096
2407,3097
5563,3098
3475,3099
1908,3100
4068,3101
3612,3102
4587,3103
3107,3104
81,3105
892,3106
796,3107
5198,3108
591,3109
3869,3110
2468,3111
5431,3112
2955,3113
1664,3114
1553,3115
5448,3116
3394,3117
3768,3118
1556,3119
1800,3120
1547,3121
1914,3122
5959,3123
3073,3124
1215,3125
4307,3126
1188,3127
318,3128
4477,3129
535,3130
5376,3131
1079,3132
3468,3133
192,3134
3018,3135
4406,3136
2597,3137
812,3138
212,3139
4473,3140
5722,3141
1489,3142
4715,3143
4600,3144
797,3145
5570,3146
4465,3147
3105,3148
4381,3149
4421,3150
3776,3151
3855,3152
3453,3153
4160,3154
2409,3155
3590,3156
288,3157
4224,3158
5436,3159
1739,3160
3298,3161
4821,3162
4424,3163
556,3164
5876,3165
2865,3166
1703,3167
5628,3168
1461,3169
232,3170
1449,3171
3834,3172
3268,3173
5210,3174
3702,3175
2983,3176
1179,3177
2338,3178
3235,3179
5482,3180
597,3181
873,3182
3519,3183
3074,3184
4543,3185
843,3186
5404,3187
649,3188
4387,3189
2806,3190
4995,3191
1516,3192
5238,3193
3943,3194
5137,3195
5999,3196
3322,3197
3533,3198
3469,3199
1360,3200
757,3201
488,3202
4989,3203
5229,3204
2940,3205
4047,3206
5529,3207
1325,3208
1169,3209
2899,3210
4837,3211
5953,3212
3424,3213
2506,3214
4040,3215
847,3216
2336,3217
1804,3218
3356,3219
824,3220
3509,3221
2499,3222
4797,3223
2920,3224
417,3225
5046,3226
1536,3227
148,3228
708,3229
645,3230
3404,3231
53,3232
3652,3233
5655,3234
4518,3235
4127,3236
568,3237
2968,3238
1203,3239
2343,3240
5813,3241
2458,3242
588,3243
1657,3244
4181,3245
4890,3246
5547,3247
852,3248
3930,3249
6015,3250
1047,3251
4347,3252
1463,3253
156,3254
2809,3255
2731,3256
2721,3257
5067,3258
5103,3259
5847,3260
5047,3261
650,3262
3335,3263
2713,3264
1243,3265
4019,3266
2150,3267
1975,3268
3718,3269
887,3270
1573,3271
980,3272
4564,3273
5867,3274
5816,3275
4937,3276
3962,3277
2510,3278
5725,3279
357,3280
3586,3281
278,3282
5209,3283
770,3284
4864,3285
1846,3286
5328,3287
4934,3288
3245,3289
1241,3290
5056,3291
5518,3292
2746,3293
5744,3294
5884,3295
617,3296
4618,3297
2670,3298
5833,3299
6028,3300
1022,3301
5702,3302
1987,3303
5649,3304
1656,3305
1710,3306
1531,3307
4486,3308
4447,3309
2728,3310
3123,3311
1271,3312
5814,3313
4275,3314
1277,3315
2631,3316
36,3317
2115,3318
1479,3319
4149,3320
13,3321
4133,3322
4341,3323
613,3324
2576,3325
2842,3326
4790,3327
4053,3328
5758,3329
698,3330
4132,3331
3169,3332
3974,3333
3799,3334
2128,3335
1854,3336
4730,3337
1379,3338
4827,3339
3818,3340
4927,3341
2435,3342
3644,3343
2743,3344
1693,3345
2924,3346
80,3347
580,3348
1844,3349
629,3350
3021,3351
3444,3352
364,3353
2481,3354
529,3355
4918,3356
586,3357
2653,3358
2882,3359
4704,3360
4107,3361
2742,3362
3142,3363
1390,3364
1166,3365
5966,3366
5125,3367
4924,3368
5618,3369
4280,3370
1829,3371
6092,3372
833,3373
4608,3374
562,3375
4548,3376
3472,3377
639,3378
986,3379
299,3380
5734,3381
289,3382
5260,3383
861,3384
2482,3385
1034,3386
2663,3387
4233,3388
4093,3389
1978,3390
1812,3391
14,3392
479,3393
3387,3394
4557,3395
5948,3396
2149,3397
5848,3398
1819,3399
2773,3400
4728,3401
1548,3402
2472,3403
5232,3404
4038,3405
193,3406
142,3407
3532,3408
982,3409
3124,3410
2035,3411
5133,3412
2850,3413
4397,3414
3418,3415
4958,3416
158,3417
111,3418
763,3419
1106,3420
1696,3421
3201,3422
2855,3423
2222,3424
2173,3425
1233,3426
4479,3427
2990,3428
3706,3429
4817,3430
713,3431
5898,3432
5665,3433
2811,3434
4593,3435
6081,3436
5705,3437
4628,3438
3146,3439
3957,3440
5864,3441
1058,3442
2305,3443
1522,3444
716,3445
129,3446
256,3447
1265,3448
3291,3449
3683,3450
4115,3451
3086,3452
4601,3453
3551,3454
1609,3455
328,3456
5300,3457
4390,3458
4615,3459
3056,3460
2180,3461
2633,3462
2799,3463
120,3464
1134,3465
451,3466
2691,3467
1971,3468
5277,3469
1380,3470
262,3471
3116,3472
647,3473
1480,3474
1123,3475
1557,3476
5143,3477
3774,3478
5297,3479
1857,3480
2686,3481
4375,3482
107,3483
4654,3484
435,3485
1171,3486
4056,3487
1813,3488
4896,3489
2192,3490
2011,3491
1806,3492
2675,3493
3278,3494
1428,3495
965,3496
2153,3497
2690,3498
3055,3499
777,3500
5050,3501
1105,3502
1465,3503
1891,3504
827,3505
3069,3506
1365,3507
3400,3508
5355,3509
4301,3510
1040,3511
5343,3512
1926,3513
1507,3514
2385,3515
2700,3516
5467,3517
2845,3518
5630,3519
454,3520
4876,3521
260,3522
3724,3523
5846,3524
2954,3525
2265,3526
2720,3527
4917,3528
445,3529
5939,3530
4900,3531
2708,3532
5901,3533
5858,3534
4966,3535
2361,3536
1598,3537
1910,3538
6044,3539
1214,3540
3808,3541
3753,3542
5049,3543
5367,3544
2446,3545
5667,3546
1119,3547
1925,3548
5396,3549
3622,3550
5838,3551
5247,3552
4899,3553
3545,3554
547,3555
4334,3556
3062,3557
534,3558
531,3559
3252,3560
109,3561
301,3562
1160,3563
1152,3564
2400,3565
3574,3566
1460,3567
5972,3568
4916,3569
732,3570
4265,3571
2426,3572
5658,3573
5045,3574
3658,3575
4622,3576
5430,3577
5212,3578
1475,3579
4084,3580
883,3581
59,3582
5020,3583
3371,3584
1969,3585
2678,3586
5933,3587
5200,3588
5691,3589
4975,3590
337,3591
114,3592
5230,3593
1996,3594
2679,3595
4683,3596
3972,3597
5693,3598
3163,3599
4504,3600
4073,3601
273,3602
4544,3603
5336,3604
4033,3605
28,3606
5801,3607
1227,3608
2852,3609
313,3610
1882,3611
3982,3612
923,3613
2656,3614
1512,3615
4596,3616
598,3617
3170,3618
5675,3619
465,3620
5075,3621
87,3622
3308,3623
3045,3624
2310,3625
4805,3626
5603,3627
1298,3628
162,3629
2927,3630
138,3631
5031,3632
2592,3633
160,3634
5750,3635
5743,3636
5956,3637
4682,3638
3330,3639
1345,3640
226,3641
4121,3642
1559,3643
4542,3644
4373,3645
3289,3646
4416,3647
4863,3648
5258,3649
2317,3650
3384,3651
2812,3652
4037,3653
3333,3654
5721,3655
5279,3656
5539,3657
1879,3658
1223,3659
147,3660
846,3661
4882,3662
3513,3663
2579,3664
1827,3665
1321,3666
1744,3667
4211,3668
2745,3669
4949,3670
1394,3671
4793,3672
3227,3673
421,3674
131,3675
1315,3676
1673,3677
2360,3678
4313,3679
523,3680
3296,3681
3295,3682
6,3683
1883,3684
1759,3685
5418,3686
5081,3687
5127,3688
5807,3689
33,3690
5930,3691
4220,3692
5741,3693
2471,3694
621,3695
4978,3696
4824,3697
2294,3698
4431,3699
970,3700
5668,3701
1313,3702
4747,3703
1432,3704
1381,3705
4450,3706
869,3707
2122,3708
1941,3709
2514,3710
4621,3711
3562,3712
1052,3713
808,3714
2916,3715
1361,3716
685,3717
3953,3718
2181,3719
2346,3720
1944,3721
5451,3722
3221,3723
388,3724
185,3725
4425,3726
2584,3727
4536,3728
3209,3729
5968,3730
2054,3731
1417,3732
5377,3733
4377,3734
2765,3735
2500,3736
599,3737
1784,3738
5508,3739
3701,3740
973,3741
1306,3742
2401,3743
2369,3744
1010,3745
819,3746
5990,3747
2205,3748
1760,3749
2785,3750
4528,3751
3273,3752
3288,3753
5792,3754
3013,3755
3961,3756
322,3757
5778,3758
3559,3759
764,3760
2958,3761
1063,3762
4162,3763
1894,3764
564,3765
5579,3766
2615,3767
5167,3768
4592,3769
4027,3770
967,3771
141,3772
3602,3773
3361,3774
1709,3775
2641,3776
2248,3777
600,3778
3063,3779
367,3780
2066,3781
5643,3782
5128,3783
934,3784
2404,3785
3851,3786
5745,3787
5319,3788
2041,3789
4109,3790
6016,3791
3565,3792
3038,3793
2508,3794
1872,3795
5011,3796
4317,3797
2928,3798
1922,3799
5235,3800
2171,3801
2016,3802
3104,3803
3132,3804
1003,3805
4776,3806
4533,3807
742,3808
2627,3809
5320,3810
2463,3811
4491,3812
1594,3813
5172,3814
2004,3815
486,3816
412,3817
5946,3818
3402,3819
1253,3820
485,3821
1110,3822
4143,3823
2263,3824
3064,3825
1026,3826
1793,3827
5486,3828
3011,3829
5366,3830
903,3831
3684,3832
5852,3833
2647,3834
2934,3835
1785,3836
4546,3837
2210,3838
4693,3839
4089,3840
4395,3841
95,3842
1963,3843
1731,3844
2498,3845
3096,3846
1655,3847
1024,3848
330,3849
79,3850
1989,3851
993,3852
2788,3853
2860,3854
5442,3855
679,3856
5870,3857
3421,3858
3445,3859
3220,3860
2727,3861
1303,3862
4195,3863
5923,3864
5536,3865
575,3866
1068,3867
2864,3868
2548,3869
558,3870
860,3871
2531,3872
4660,3873
3178,3874
2503,3875
1055,3876
5626,3877
4035,3878
721,3879
1811,3880
3663,3881
968,3882
4844,3883
1477,3884
2033,3885
372,3886
3203,3887
3134,3888
5252,3889
766,3890
1116,3891
2648,3892
4986,3893
3945,3894
3632,3895
3007,3896
1621,3897
3378,3898
5392,3899
335,3900
2159,3901
205,3902
1308,3903
1968,3904
4227,3905
4501,3906
4530,3907
3728,3908
1167,3909
3956,3910
3782,3911
133,3912
3495,3913
2635,3914
3395,3915
769,3916
948,3917
3902,3918
5760,3919
5270,3920
1776,3921
1509,3922
1856,3923
1259,3924
5629,3925
5130,3926
1644,3927
3375,3928
680,3929
2726,3930
1794,3931
2368,3932
1410,3933
2616,3934
1540,3935
809,3936
1101,3937
3604,3938
5356,3939
3068,3940
1359,3941
476,3942
4057,3943
1406,3944
5437,3945
1114,3946
3577,3947
5204,3948
1493,3949
5325,3950
3004,3951
5391,3952
1006,3953
1600,3954
3281,3955
1189,3956
3143,3957
135,3958
4850,3959
4291,3960
4786,3961
578,3962
4472,3963
5160,3964
4274,3965
2452,3966
5494,3967
2918,3968
3031,3969
325,3970
1713,3971
3603,3972
3145,3973
5904,3974
3461,3975
2552,3976
1202,3977
961,3978
4510,3979
2155,3980
2289,3981
801,3982
5747,3983
2553,3984
251,3985
4877,3986
2311,3987
1001,3988
4581,3989
610,3990
5811,3991
3029,3992
1517,3993
2798,3994
5002,3995
3910,3996
6023,3997
5370,3998
1048,3999
5032,4000
4761,4001
69,4002
1427,4003
345,4004
3053,4005
462,4006
3887,4007
229,4008
355,4009
2079,4010
942,4011
4820,4012
2947,4013
3423,4014
4400,4015
4140,4016
4744,4017
18,4018
4314,4019
3951,4020
276,4021
4551,4022
5445,4023
145,4024
4050,4025
630,4026
2585,4027
528,4028
176,4029
377,4030
1918,4031
5600,4032
5440,4033
4230,4034
4339,4035
3401,4036
5495,4037
4098,4038
3379,4039
308,4040
4808,4041
3739,4042
2084,4043
3593,4044
1327,4045
4052,4046
5561,4047
4177,4048
4781,4049
4656,4050
4971,4051
4270,4052
2558,4053
1862,4054
3901,4055
3051,4056
1952,4057
125,4058
924,4059
2873,4060
1886,4061
5513,4062
4203,4063
1502,4064
2064,4065
5656,4066
609,4067
563,4068
538,4069
5253,4070
4495,4071
3380,4072
554,4073
3899,4074
4481,4075
660,4076
3154,4077
2823,4078
1344,4079
4470,4080
62,4081
2069,4082
4947,4083
3616,4084
461,4085
4318,4086
1942,4087
1810,4088
3253,4089
2943,4090
5387,4091
4535,4092
2417,4093
3650,4094
5680,4095
3385,4096
4636,4097
611,4098
3673,4099
267,4100
1469,4101
2900,4102
1165,4103
4235,4104
2651,4105
2757,4106
743,4107
39,4108
3349,4109
1881,4110
870,4111
4072,4112
5447,4113
996,4114
3231,4115
4063,4116
946,4117
3527,4118
5663,4119
3168,4120
5480,4121
4635,4122
2580,4123
746,4124
5761,4125
5251,4126
2846,4127
1317,4128
4516,4129
5971,4130
4330,4131
4082,4132
399,4133
5785,4134
5944,4135
3093,4136
663,4137
532,4138
1129,4139
5077,4140
4570,4141
5782,4142
1652,4143
2989,4144
3294,4145
1732,4146
4384,4147
2396,4148
5711,4149
1927,4150
3937,4151
3508,4152
1126,4153
5542,4154
4854,4155
951,4156
3967,4157
3990,4158
2610,4159
467,4160
3466,4161
1946,4162
4762,4163
296,4164
242,4165
1699,4166
1190,4167
2160,4168
3680,4169
5783,4170
5717,4171
897,4172
3350,4173
795,4174
4382,4175
4240,4176
346,4177
6085,4178
4422,4179
4411,4180
1356,4181
3748,4182
3392,4183
3194,4184
352,4185
4639,4186
6038,4187
2154,4188
1988,4189
4555,4190
2399,4191
5736,4192
1851,4193
4644,4194
4025,4195
1566,4196
571,4197
360,4198
5960,4199
5397,4200
2391,4201
4273,4202
29,4203
5892,4204
1775,4205
4672,4206
4263,4207
66,4208
4849,4209
3971,4210
782,4211
832,4212
5406,4213
1670,4214
5973,4215
594,4216
1154,4217
1139,4218
5934,4219
937,4220
5293,4221
1843,4222
3626,4223
2623,4224
1382,4225
3985,4226
5088,4227
459,4228
2202,4229
3409,4230
5013,4231
4443,4232
4759,4233
2036,4234
3801,4235
15,4236
5800,4237
962,4238
88,4239
4838,4240
719,4241
2185,4242
2893,4243
3076,4244
1136,4245
5163,4246
3729,4247
4755,4248
5979,4249
1071,4250
261,4251
460,4252
4905,4253
2114,4254
990,4255
3903,4256
405,4257
2087,4258
1782,4259
5057,4260
4717,4261
5586,4262
1805,4263
2182,4264
3265,4265
5344,4266
5107,4267
2012,4268
2837,4269
2337,4270
964,4271
2986,4272
416,4273
4436,4274
1096,4275
4221,4276
5453,4277
3983,4278
2561,4279
5673,4280
5551,4281
99,4282
5766,4283
3172,4284
1686,4285
2997,4286
3535,4287
3531,4288
2267,4289
1746,4290
3193,4291
3661,4292
537,4293
2422,4294
3815,4295
872,4296
3159,4297
4902,4298
3826,4299
536,4300
4773,4301
2086,4302
1876,4303
5961,4304
1773,4305
5365,4306
381,4307
1904,4308
6034,4309
5308,4310
1107,4311
701,4312
177,4313
3340,4314
3669,4315
1672,4316
2867,4317
1783,4318
2340,4319
4463,4320
1290,4321
1340,4322
5723,4323
266,4324
985,4325
1372,4326
4048,4327
3010,4328
3655,4329
3541,4330
2741,4331
5572,4332
2502,4333
1025,4334
473,4335
5654,4336
891,4337
6062,4338
2320,4339
2857,4340
735,4341
2681,4342
1120,4343
2583,4344
2432,4345
3861,4346
5248,4347
3976,4348
2049,4349
1984,4350
3544,4351
728,4352
2594,4353
2796,4354
3175,4355
4288,4356
1832,4357
4910,4358
3715,4359
1871,4360
3471,4361
3391,4362
1155,4363
4302,4364
5599,4365
3677,4366
96,4367
3426,4368
122,4369
4225,4370
4758,4371
5192,4372
620,4373
2957,4374
3980,4375
1695,4376
5597,4377
2339,4378
4212,4379
775,4380
2862,4381
3754,4382
2255,4383
3448,4384
604,4385
1704,4386
5791,4387
5560,4388
906,4389
3485,4390
1128,4391
1743,4392
969,4393
2637,4394
2849,4395
5303,4396
1635,4397
4669,4398
2282,4399
2487,4400
3978,4401
2609,4402
4970,4403
4634,4404
5323,4405
1979,4406
4799,4407
1425,4408
4584,4409
3995,4410
3608,4411
116,4412
3524,4413
10,4414
4991,4415
4430,4416
2786,4417
6003,4418
1069,4419
3659,4420
5266,4421
1485,4422
2977,4423
1715,4424
754,4425
995,4426
3428,4427
2420,4428
1537,4429
2213,4430
6076,4431
4840,4432
2577,4433
4921,4434
2906,4435
4718,4436
3115,4437
2816,4438
2290,4439
741,4440
2884,4441
3610,4442
3811,4443
3359,4444
1198,4445
5704,4446
2838,4447
4841,4448
2329,4449
1771,4450
1015,4451
5361,4452
280,4453
432,4454
4835,4455
4886,4456
831,4457
3721,4458
3242,4459
5827,4460
302,4461
1577,4462
4002,4463
2834,4464
508,4465
1200,4466
1316,4467
5683,4468
5302,4469
3434,4470
3248,4471
4392,4472
3755,4473
3266,4474
3795,4475
5534,4476
1993,4477
5201,4478
1562,4479
3735,4480
1504,4481
2020,4482
1224,4483
5112,4484
1423,4485
175,4486
1400,4487
5989,4488
3779,4489
2389,4490
3367,4491
4090,4492
31,4493
2349,4494
1254,4495
5330,4496
2288,4497
3948,4498
1678,4499
4167,4500
2779,4501
865,4502
3151,4503
5349,4504
363,4505
712,4506
2557,4507
4232,4508
2048,4509
4,4510
641,4511
2573,4512
4192,4513
3966,4514
4205,4515
3786,4516
4004,4517
3949,4518
3682,4519
5364,4520
2216,4521
2764,4522
2010,4523
254,4524
2451,4525
3860,4526
4726,4527
5039,4528
4326,4529
5472,4530
5861,4531
2312,4532
898,4533
5527,4534
2596,4535
2393,4536
181,4537
2657,4538
2371,4539
1220,4540
5190,4541
374,4542
3237,4543
3814,4544
77,4545
1415,4546
9,4547
1392,4548
552,4549
5765,4550
4100,4551
2951,4552
369,4553
2003,4554
654,4555
3843,4556
826,4557
5977,4558
2601,4559
4915,4560
5554,4561
3304,4562
37,4563
4352,4564
804,4565
5083,4566
305,4567
4131,4568
684,4569
560,4570
5980,4571
1597,4572
2052,4573
1602,4574
3859,4575
881,4576
331,4577
686,4578
2023,4579
5941,4580
118,4581
4458,4582
2802,4583
3174,4584
5119,4585
106,4586
3520,4587
5737,4588
1700,4589
3794,4590
4365,4591
880,4592
652,4593
3481,4594
5245,4595
914,4596
932,4597
5249,4598
6027,4599
1543,4600
2298,4601
6042,4602
4638,4603
1606,4604
4478,4605
3212,4606
3307,4607
2073,4608
2306,4609
2125,4610
3909,4611
1747,4612
1044,4613
3287,4614
6077,4615
5540,4616
1286,4617
5371,4618
4494,4619
1217,4620
5880,4621
2044,4622
3523,4623
5998,4624
5500,4625
4967,4626
2031,4627
5093,4628
3579,4629
2,4630
1192,4631
213,4632
1833,4633
702,4634
2581,4635
4686,4636
101,4637
4345,4638
408,4639
5345,4640
1506,4641
4676,4642
1852,4643
5025,4644
3696,4645
971,4646
5835,4647
4308,4648
2830,4649
736,4650
6025,4651
4650,4652
4210,4653
5318,4654
624,4655
4237,4656
4169,4657
1938,4658
458,4659
4404,4660
2095,4661
2944,4662
2477,4663
115,4664
5724,4665
1524,4666
3091,4667
6037,4668
6080,4669
2164,4670
2429,4671
1067,4672
5874,4673
2111,4674
25,4675
446,4676
3164,4677
4094,4678
2195,4679
1651,4680
1081,4681
366,4682
646,4683
1992,4684
1754,4685
5503,4686
2240,4687
2562,4688
2428,4689
3746,4690
134,4691
5029,4692
3464,4693
5584,4694
5909,4695
5416,4696
2970,4697
1831,4698
3741,4699
515,4700
1765,4701
1769,4702
3839,4703
3769,4704
2709,4705
682,4706
2091,4707
4226,4708
997,4709
4554,4710
3537,4711
2748,4712
4869,4713
4184,4714
3946,4715
4433,4716
2424,4717
5288,4718
5797,4719
5756,4720
1726,4721
5170,4722
4875,4723
918,4724
3685,4725
3191,4726
3197,4727
3084,4728
1998,4729
5914,4730
3130,4731
5565,4732
3297,4733
2381,4734
2423,4735
2299,4736
2466,4737
1005,4738
1945,4739
3486,4740
3788,4741
3634,4742
2469,4743
3225,4744
5352,4745
5712,4746
4855,4747
3965,4748
2022,4749
1092,4750
2030,4751
5921,4752
5000,4753
5026,4754
6095,4755
4914,4756
3316,4757
2107,4758
353,4759
2567,4760
3935,4761
5099,4762
41,4763
1408,4764
1278,4765
1318,4766
703,4767
4607,4768
4207,4769
2843,4770
4963,4771
1528,4772
1714,4773
5635,4774
4112,4775
3302,4776
291,4777
1999,4778
2211,4779
5873,4780
4931,4781
82,4782
1396,4783
1934,4784
5844,4785
4652,4786
5720,4787
2284,4788
3886,4789
555,4790
3994,4791
5587,4792
4944,4793
1405,4794
4343,4795
112,4796
2645,4797
5894,4798
5424,4799
2241,4800
5803,4801
3270,4802
4833,4803
5633,4804
5381,4805
4984,4806
1580,4807
5065,4808
2894,4809
1591,4810
1094,4811
3499,4812
5936,4813
851,4814
3239,4815
943,4816
2856,4817
5078,4818
2476,4819
4034,4820
326,4821
4026,4822
2588,4823
1387,4824
5538,4825
1030,4826
1900,4827
1419,4828
3425,4829
4432,4830
2545,4831
1362,4832
525,4833
3570,4834
5441,4835
393,4836
5492,4837
2891,4838
5273,4839
5121,4840
3276,4841
3772,4842
1636,4843
4589,4844
3148,4845
3456,4846
2236,4847
2836,4848
4378,4849
3517,4850
4752,4851
5985,4852
1195,4853
4157,4854
2161,4855
5347,4856
678,4857
4857,4858
2071,4859
5353,4860
1065,4861
5491,4862
3282,4863
5242,4864
2876,4865
1161,4866
3787,4867
2660,4868
117,4869
4722,4870
347,4871
2699,4872
3522,4873
3156,4874
1497,4875
1221,4876
2547,4877
4960,4878
2162,4879
2734,4880
733,4881
5422,4882
4015,4883
1850,4884
5509,4885
3157,4886
4297,4887
16,4888
2814,4889
3981,4890
2070,4891
6063,4892
5641,4893
1820,4894
5284,4895
3211,4896
4534,4897
350,4898
4005,4899
5660,4900
3108,4901
1242,4902
3054,4903
4312,4904
4332,4905
4309,4906
252,4907
5718,4908
4174,4909
2723,4910
4442,4911
4537,4912
5052,4913
5055,4914
1501,4915
4521,4916
493,4917
5454,4918
2922,4919
4096,4920
218,4921
1307,4922
917,4923
5817,4924
688,4925
1046,4926
1311,4927
338,4928
3765,4929
2563,4930
5262,4931
6057,4932
2813,4933
2005,4934
5716,4935
3362,4936
737,4937
2152,4938
4748,4939
4254,4940
1590,4941
4539,4942
5177,4943
5054,4944
1085,4945
6096,4946
2196,4947
3898,4948
447,4949
1555,4950
4556,4951
3218,4952
6035,4953
2217,4954
4006,4955
5428,4956
4194,4957
960,4958
5140,4959
457,4960
3641,4961
5369,4962
4017,4963
2484,4964
75,4965
3676,4966
1000,4967
2007,4968
157,4969
4292,4970
5097,4971
1909,4972
6090,4973
5005,4974
1330,4975
4469,4976
4879,4977
1235,4978
3546,4979
4380,4980
709,4981
4076,4982
4139,4983
2334,4984
4767,4985
21,4986
2532,4987
3046,4988
5911,4989
3638,4990
5535,4991
975,4992
839,4993
1939,4994
5555,4995
1510,4996
169,4997
5484,4998
1982,4999
1669,5000
1448,5001
4088,5002
4413,5003
740,5004
5184,5005
665,5006
2187,5007
344,5008
2405,5009
1521,5010
4259,5011
2639,5012
972,5013
2009,5014
3484,5015
11,5016
105,5017
1808,5018
614,5019
5312,5020
5171,5021
5708,5022
5346,5023
1568,5024
2666,5025
3483,5026
3637,5027
744,5028
699,5029
5746,5030
3912,5031
3311,5032
731,5033
637,5034
2485,5035
4545,5036
5382,5037
3477,5038
2878,5039
1780,5040
2106,5041
6048,5042
773,5043
3435,5044
3167,5045
2094,5046
2335,5047
807,5048
5208,5049
3422,5050
1679,5051
2984,5052
6056,5053
1276,5054
5401,5055
5793,5056
4566,5057
5965,5058
4328,5059
2199,5060
2465,5061
2933,5062
2333,5063
4435,5064
3277,5065
259,5066
3110,5067
3844,5068
2760,5069
550,5070
4147,5071
2607,5072
3343,5073
4757,5074
4954,5075
2297,5076
544,5077
1457,5078
1146,5079
576,5080
2705,5081
3255,5082
5588,5083
4267,5084
2937,5085
738,5086
4125,5087
269,5088
5694,5089
3970,5090
1073,5091
3705,5092
4029,5093
5362,5094
4829,5095
616,5096
2619,5097
5287,5098
1853,5099
1976,5100
3595,5101
5701,5102
2654,5103
6008,5104
494,5105
3002,5106
4032,5107
2749,5108
542,5109
1717,5110
3600,5111
2416,5112
5515,5113
1518,5114
1587,5115
4462,5116
928,5117
1924,5118
4874,5119
384,5120
1250,5121
397,5122
234,5123
5122,5124
6054,5125
4023,5126
3292,5127
1645,5128
4010,5129
241,5130
1761,5131
1444,5132
888,5133
49,5134
5115,5135
2740,5136
3810,5137
4300,5138
4164,5139
3057,5140
3106,5141
283,5142
3563,5143
557,5144
4771,5145
2258,5146
3467,5147
794,5148
2767,5149
2985,5150
3118,5151
2638,5152
5378,5153
4231,5154
2539,5155
518,5156
4333,5157
5483,5158
1830,5159
501,5160
2523,5161
5008,5162
5072,5163
1777,5164
5748,5165
210,5166
502,5167
3279,5168
4678,5169
1021,5170
2618,5171
1038,5172
5223,5173
612,5174
2516,5175
1584,5176
2841,5177
1933,5178
4070,5179
2455,5180
3035,5181
1170,5182
5197,5183
5217,5184
5598,5185
5564,5186
1898,5187
983,5188
4643,5189
1849,5190
487,5191
2569,5192
2772,5193
765,5194
755,5195
5556,5196
5988,5197
400,5198
1616,5199
336,5200
1035,5201
3819,5202
4871,5203
379,5204
2885,5205
5126,5206
340,5207
5162,5208
862,5209
2960,5210
567,5211
1439,5212
3198,5213
2266,5214
3126,5215
1157,5216
376,5217
4729,5218
3897,5219
976,5220
463,5221
1266,5222
3567,5223
4774,5224
3229,5225
4101,5226
1586,5227
5637,5228
5834,5229
418,5230
3895,5231
5225,5232
2394,5233
5457,5234
2941,5235
3025,5236
533,5237
4940,5238
4558,5239
1395,5240
4719,5241
1613,5242
979,5243
5764,5244
6091,5245
4831,5246
2540,5247
3383,5248
2025,5249
4950,5250
5842,5251
5703,5252
648,5253
6061,5254
5512,5255
4878,5256
161,5257
5350,5258
4936,5259
904,5260
2169,5261
3506,5262
4359,5263
5719,5264
1249,5265
389,5266
2703,5267
3149,5268
992,5269
2015,5270
1109,5271
5018,5272
3274,5273
4872,5274
806,5275
4151,5276
1323,5277
788,5278
3136,5279
4468,5280
315,5281
6082,5282
820,5283
4246,5284
4444,5285
2903,5286
4612,5287
5796,5288
2861,5289
6019,5290
4471,5291
57,5292
2295,5293
3832,5294
5879,5295
3188,5296
4532,5297
3624,5298
495,5299
2460,5300
4298,5301
3736,5302
3129,5303
4206,5304
5890,5305
3457,5306
4990,5307
3403,5308
4007,5309
551,5310
1421,5311
415,5312
4331,5313
12,5314
1299,5315
4716,5316
3257,5317
4197,5318
3127,5319
4775,5320
5202,5321
320,5322
5462,5323
3386,5324
4024,5325
2528,5326
2227,5327
244,5328
4826,5329
5388,5330
4013,5331
5849,5332
2624,5333
5951,5334
1251,5335
3879,5336
4189,5337
5697,5338
2665,5339
132,5340
2324,5341
5098,5342
5084,5343
2620,5344
4261,5345
5759,5346
3382,5347
3862,5348
3366,5349
855,5350
5562,5351
546,5352
1468,5353
2136,5354
484,5355
2926,5356
3092,5357
4243,5358
3554,5359
6097,5360
710,5361
5727,5362
844,5363
1791,5364
3528,5365
2744,5366
1788,5367
5040,5368
715,5369
1889,5370
1430,5371
1310,5372
5327,5373
3749,5374
2418,5375
676,5376
504,5377
5034,5378
4922,5379
3232,5380
2351,5381
3942,5382
1662,5383
5186,5384
4943,5385
2800,5386
4507,5387
5211,5388
4816,5389
4383,5390
4067,5391
3251,5392
3224,5393
370,5394
1959,5395
2979,5396
3331,5397
5100,5398
4955,5399
137,5400
1816,5401
50,5402
878,5403
2982,5404
3941,5405
5607,5406
2529,5407
5138,5408
4710,5409
689,5410
5531,5411
5574,5412
5329,5413
5775,5414
2300,5415
5578,5416
1581,5417
5473,5418
2905,5419
1041,5420
1865,5421
3611,5422
5168,5423
5080,5424
1949,5425
4671,5426
1293,5427
4114,5428
386,5429
5207,5430
1076,5431
2372,5432
3907,5433
3430,5434
4727,5435
1500,5436
239,5437
1688,5438
1435,5439
2127,5440
5037,5441
2566,5442
4179,5443
167,5444
5730,5445
4440,5446
4299,5447
3120,5448
5726,5449
1814,5450
5624,5451
3986,5452
5893,5453
3542,5454
4055,5455
4009,5456
4952,5457
1319,5458
4061,5459
314,5460
5505,5461
2554,5462
5267,5463
124,5464
5857,5465
3101,5466
579,5467
1756,5468
4214,5469
2518,5470
2088,5471
4183,5472
5773,5473
4434,5474
4437,5475
423,5476
5596,5477
3662,5478
2354,5479
1873,5480
2175,5481
5179,5482
3710,5483
5679,5484
4659,5485
1707,5486
5865,5487
1074,5488
5812,5489
4209,5490
2769,5491
4353,5492
3309,5493
2778,5494
4388,5495
1320,5496
3991,5497
1008,5498
2541,5499
510,5500
5498,5501
2664,5502
524,5503
5517,5504
2237,5505
472,5506
5670,5507
1039,5508
4663,5509
3714,5510
2062,5511
194,5512
5383,5513
4935,5514
651,5515
3752,5516
5141,5517
2780,5518
4782,5519
3822,5520
3085,5521
4957,5522
3538,5523
5763,5524
632,5525
506,5526
3377,5527
3160,5528
5335,5529
1947,5530
3119,5531
3664,5532
3026,5533
815,5534
4069,5535
3732,5536
3691,5537
2716,5538
214,5539
2667,5540
1741,5541
5784,5542
189,5543
866,5544
1288,5545
4105,5546
1409,5547
2963,5548
4962,5549
231,5550
4499,5551
3241,5552
2273,5553
730,5554
5089,5555
5832,5556
1019,5557
3017,5558
5947,5559
5625,5560
4466,5561
2415,5562
3230,5563
5240,5564
4819,5565
1860,5566
474,5567
4176,5568
2930,5569
950,5570
1262,5571
3185,5572
606,5573
1467,5574
1100,5575
4788,5576
2075,5577
5820,5578
3443,5579
1821,5580
1386,5581
3750,5582
5881,5583
4708,5584
4675,5585
1738,5586
2695,5587
5567,5588
2397,5589
3283,5590
2242,5591
4769,5592
1418,5593
1462,5594
2605,5595
1156,5596
3920,5597
3027,5598
5650,5599
2483,5600
1347,5601
2911,5602
4884,5603
5116,5604
4961,5605
2729,5606
3890,5607
4385,5608
4134,5609
889,5610
814,5611
3809,5612
1091,5613
729,5614
4223,5615
2000,5616
4178,5617
4959,5618
1753,5619
2228,5620
2835,5621
781,5622
1426,5623
1569,5624
1061,5625
1478,5626
3913,5627
5214,5628
93,5629
1625,5630
201,5631
3088,5632
2253,5633
5647,5634
3305,5635
3003,5636
4058,5637
383,5638
2276,5639
4271,5640
3824,5641
2870,5642
4043,5643
4908,5644
437,5645
3150,5646
5945,5647
3671,5648
1470,5649
375,5650
2730,5651
2888,5652
2674,5653
4161,5654
1376,5655
428,5656
17,5657
2026,5658
619,5659
5069,5660
2093,5661
498,5662
2215,5663
2492,5664
1163,5665
1122,5666
2179,5667
3621,5668
4609,5669
3414,5670
1931,5671
5393,5672
2480,5673
5415,5674
3812,5675
5035,5676
1258,5677
4992,5678
182,5679
1534,5680
3893,5681
1542,5682
2055,5683
3737,5684
671,5685
1915,5686
3552,5687
3960,5688
3315,5689
3479,5690
1051,5691
1658,5692
761,5693
5380,5694
517,5695
1036,5696
4997,5697
2714,5698
5187,5699
3039,5700
3512,5701
2118,5702
5910,5703
4965,5704
6001,5705
1848,5706
2854,5707
3642,5708
5066,5709
5769,5710
1920,5711
3548,5712
5976,5713
1371,5714
5684,5715
5331,5716
2189,5717
5385,5718
2438,5719
3138,5720
3028,5721
3617,5722
1631,5723
4766,5724
3784,5725
1617,5726
1628,5727
677,5728
2395,5729
1121,5730
2617,5731
4251,5732
758,5733
2946,5734
874,5735
635,5736
5086,5737
5296,5738
424,5739
4337,5740
3828,5741
1637,5742
5770,5743
5129,5744
3932,5745
3997,5746
2121,5747
4202,5748
4166,5749
4904,5750
2308,5751
3347,5752
5866,5753
2445,5754
5902,5755
3802,5756
3687,5757
2067,5758
543,5759
1064,5760
3734,5761
5749,5762
4575,5763
2364,5764
4135,5765
3906,5766
5810,5767
5458,5768
23,5769
2077,5770
1113,5771
3904,5772
3845,5773
3286,5774
307,5775
5520,5776
2151,5777
2138,5778
5612,5779
4734,5780
1930,5781
3557,5782
4403,5783
2146,5784
3743,5785
4588,5786
4329,5787
4283,5788
3352,5789
605,5790
2100,5791
5546,5792
5789,5793
2124,5794
4268,5795
559,5796
5295,5797
2098,5798
4735,5799
4367,5800
442,5801
3905,5802
3688,5803
1615,5804
2719,5805
5027,5806
4315,5807
6088,5808
2687,5809
3719,5810
3087,5811
5135,5812
2704,5813
3410,5814
321,5815
2774,5816
1601,5817
4154,5818
3958,5819
3183,5820
3830,5821
2103,5822
1027,5823
5645,5824
3571,5825
4880,5826
149,5827
1762,5828
3831,5829
1471,5830
1231,5831
1062,5832
1492,5833
5337,5834
2479,5835
4244,5836
1740,5837
1431,5838
1561,5839
1070,5840
940,5841
2887,5842
2827,5843
3645,5844
98,5845
3202,5846
3692,5847
1936,5848
2504,5849
2486,5850
5159,5851
1870,5852
168,5853
1450,5854
2519,5855
6052,5856
121,5857
1216,5858
4187,5859
1294,5860
5576,5861
4113,5862
5872,5863
5932,5864
718,5865
3032,5866
1066,5867
2321,5868
3526,5869
5227,5870
2050,5871
2961,5872
1482,5873
4144,5874
5943,5875
584,5876
4409,5877
5023,5878
5105,5879
4287,5880
1972,5881
358,5882
3290,5883
4798,5884
6049,5885
2649,5886
4476,5887
1012,5888
3543,5889
4423,5890
3065,5891
324,5892
5421,5893
2735,5894
1532,5895
3208,5896
787,5897
3432,5898
5048,5899
2441,5900
3649,5901
2017,5902
789,5903
4540,5904
2386,5905
4909,5906
1668,5907
4489,5908
425,5909
140,5910
1826,5911
76,5912
1486,5913
1632,5914
3569,5915
3301,5916
5982,5917
3993,5918
771,5919
1807,5920
5855,5921
2231,5922
500,5923
2952,5924
4130,5925
4630,5926
2059,5927
4498,5928
5490,5929
480,5930
3450,5931
3317,5932
2433,5933
1781,5934
4199,5935
4640,5936
2183,5937
2214,5938
2915,5939
2489,5940
511,5941
4396,5942
5672,5943
720,5944
988,5945
102,5946
1402,5947
3833,5948
3999,5949
323,5950
1140,5951
4648,5952
4449,5953
3891,5954
1697,5955
2065,5956
5154,5957
420,5958
4526,5959
1803,5960
2536,5961
4368,5962
3694,5963
5475,5964
2278,5965
2696,5966
5403,5967
2301,5968
6022,5969
4865,5970
3077,5971
2701,5972
1029,5973
2956,5974
2437,5975
3730,5976
5469,5977
4629,5978
925,5979
1247,5980
5690,5981
2478,5982
2980,5983
4180,5984
4216,5985
885,5986
941,5987
900,5988
2032,5989
1147,5990
5986,5991
4500,5992
5234,5993
5917,5994
2736,5995
4885,5996
2582,5997
4511,5998
285,5999
5461,6000
695,6001
5189,6002
3236,6003
5907,6004
2493,6005
5878,6006
2599,6007
4266,6008
1377,6009
3465,6010
1481,6011
1255,6012
2671,6013
286,6014
1836,6015
1335,6016
1011,6017
1787,6018
5824,6019
1576,6020
2706,6021
1605,6022
3173,6023
3082,6024
5237,6025
3313,6026
1246,6027
3707,6028
4571,6029
3564,6030
5224,6031
1583,6032
4064,6033
5427,6034
5496,6035
5569,6036
3488,6037
164,6038
2089,6039
166,6040
3180,6041
5581,6042
2606,6043
1786,6044
2090,6045
2537,6046
5662,6047
265,6048
4603,6049
4016,6050
4336,6051
1895,6052
3491,6053
959,6054
1671,6055
3964,6056
108,6057
5153,6058
4664,6059
4847,6060
54,6061
5294,6062
89,6063
2621,6064
3365,6065
694,6066
1208,6067
119,6068
1884,6069
2293,6070
2102,6071
4079,6072
3934,6073
772,6074
1912,6075
240,6076
3476,6077
818,6078
2662,6079
4217,6080
4981,6081
127,6082
5958,6083
4408,6084
5962,6085
4001,6086
2254,6087
6078,6088
4655,6089
1132,6090
2269,6091
5009,6092
1550,6093
2526,6094
3357,6095
3228,6096
3657,6097
